id,first_name,last_name,email,gender,ip_address
1,Bette,Cullum,bcullum0@deviantart.com,Female,194.235.212.63
2,Cheryl,Deekes,cdeekes1@alibaba.com,Female,108.47.131.184
3,Cristabel,Livingstone,clivingstone2@php.net,Female,5.143.172.161
4,Anderea,Durgan,adurgan3@accuweather.com,Female,56.115.143.186
5,Frankie,Vischi,fvischi4@odnoklassniki.ru,Female,149.32.125.185
6,Dell,Stracey,dstracey5@noaa.gov,Female,166.252.101.189
7,Krystle,Liddiatt,kliddiatt6@paginegialle.it,Female,5.172.122.160
8,Nahum,Clayhill,nclayhill7@joomla.org,Male,57.132.253.150
9,Frederic,Vecard,fvecard8@examiner.com,Non-binary,183.162.151.90
10,Mario,Carthew,mcarthew9@paginegialle.it,Male,244.123.52.63
11,Analiese,Ferreira,aferreiraa@merriam-webster.com,Non-binary,107.209.185.78
12,Angelika,Emmot,aemmotb@thetimes.co.uk,Female,170.241.231.71
13,Paulo,Frigot,pfrigotc@mtv.com,Male,218.110.78.208
14,Elihu,Braddon,ebraddond@washington.edu,Male,131.228.207.176
15,Pierson,Watson,pwatsone@rakuten.co.jp,Male,96.168.37.101
16,Aland,Nairy,anairyf@ycombinator.com,Male,52.15.133.128
17,Hali,Boot,hbootg@nih.gov,Female,173.89.50.88
18,Tamma,Langhor,tlanghorh@drupal.org,Female,245.106.147.104
19,Emmerich,Gores,egoresi@homestead.com,Male,252.93.235.44
20,Baxie,Denkin,bdenkinj@theatlantic.com,Male,185.46.178.208
21,Rosabella,Ivanyushin,rivanyushink@creativecommons.org,Female,180.174.48.123
22,Cad,Kenyam,ckenyaml@stumbleupon.com,Bigender,6.115.194.8
23,Daren,Di Nisco,ddiniscom@mysql.com,Agender,166.217.171.131
24,Sondra,Van der Kruis,svanderkruisn@fda.gov,Female,133.207.24.254
25,Roxane,Stains,rstainso@umn.edu,Female,232.82.97.13
26,Jaimie,D'Alessio,jdalessiop@google.ca,Male,125.122.232.97
27,Goddard,Wigelsworth,gwigelsworthq@boston.com,Male,46.24.224.218
28,Gilbertina,Batty,gbattyr@photobucket.com,Female,5.23.252.84
29,Giraud,Dashper,gdashpers@ucoz.ru,Male,207.52.129.161
30,Joelle,MacRannell,jmacrannellt@tripadvisor.com,Female,122.109.115.235
31,Morry,Flemmich,mflemmichu@auda.org.au,Male,49.117.235.215
32,Veronica,Abate,vabatev@ebay.com,Female,252.182.178.114
33,Tod,Gimblet,tgimbletw@cocolog-nifty.com,Polygender,129.46.84.45
34,Rorke,Housiaux,rhousiauxx@technorati.com,Male,196.19.159.52
35,Byran,Onions,bonionsy@mapy.cz,Male,223.182.101.37
36,Ali,Pestell,apestellz@salon.com,Female,37.176.186.202
37,Danette,McRorie,dmcrorie10@wp.com,Female,94.174.70.207
38,Brier,Ivins,bivins11@cornell.edu,Female,4.16.98.49
39,Abramo,Dowyer,adowyer12@marketwatch.com,Male,240.32.110.138
40,Dean,Yearn,dyearn13@canalblog.com,Male,34.193.240.249
41,Angelo,Mandel,amandel14@google.com.au,Male,85.78.241.223
42,Huntington,Attarge,hattarge15@sogou.com,Male,49.249.150.107
43,Elane,Jentet,ejentet16@mediafire.com,Female,128.80.24.219
44,Jamill,Caldero,jcaldero17@psu.edu,Male,136.207.240.90
45,Farrel,Ianilli,fianilli18@yolasite.com,Male,191.223.25.182
46,Rodrigo,Radcliffe,rradcliffe19@patch.com,Male,100.142.49.87
47,Walliw,Cocker,wcocker1a@adobe.com,Female,192.82.8.42
48,Rikki,Harragin,rharragin1b@4shared.com,Male,232.51.25.81
49,Remy,Elderbrant,relderbrant1c@4shared.com,Non-binary,152.36.110.202
50,Karlee,Peacop,kpeacop1d@ucsd.edu,Female,63.195.130.64
51,Maribel,Suggitt,msuggitt1e@irs.gov,Female,181.184.72.12
52,Luke,Kenford,lkenford1f@irs.gov,Male,46.118.249.199
53,Myrvyn,Conochie,mconochie1g@ask.com,Male,1.118.199.9
54,Corinne,Prugel,cprugel1h@shutterfly.com,Polygender,185.207.79.54
55,Lawry,Atty,latty1i@chronoengine.com,Male,242.202.136.19
56,Delores,Viscovi,dviscovi1j@mapquest.com,Female,208.102.165.122
57,Irwin,Janzen,ijanzen1k@nature.com,Male,157.164.97.32
58,Mikol,Casina,mcasina1l@amazon.de,Male,106.7.120.216
59,Elihu,Going,egoing1m@symantec.com,Genderfluid,145.176.183.226
60,Dom,Etty,detty1n@blogs.com,Male,192.139.245.76
61,Audy,Standish-Brooks,astandishbrooks1o@adobe.com,Female,13.136.94.104
62,Sheree,Mackett,smackett1p@list-manage.com,Non-binary,81.123.200.36
63,Giacomo,Burdis,gburdis1q@devhub.com,Male,30.164.6.151
64,Irv,Partleton,ipartleton1r@harvard.edu,Male,60.137.229.82
65,Curry,Chretien,cchretien1s@ocn.ne.jp,Male,108.135.55.91
66,Bibbye,Lambregts,blambregts1t@sogou.com,Female,156.98.23.240
67,Elmo,Vane,evane1u@purevolume.com,Male,83.221.252.139
68,Dana,Doone,ddoone1v@loc.gov,Male,161.234.31.116
69,Ginevra,Monnelly,gmonnelly1w@weather.com,Female,33.221.182.121
70,Cecil,Heales,cheales1x@yelp.com,Female,156.24.1.234
71,Vivyanne,Stegel,vstegel1y@rediff.com,Female,246.150.204.160
72,Montgomery,Moscrop,mmoscrop1z@shop-pro.jp,Male,246.209.210.210
73,Randolf,Haggarth,rhaggarth20@tinyurl.com,Male,2.196.15.232
74,Alidia,Heisham,aheisham21@kickstarter.com,Female,26.105.26.71
75,Claiborn,Perell,cperell22@studiopress.com,Male,177.36.94.247
76,Kiri,Angood,kangood23@wikispaces.com,Female,168.181.66.65
77,Remington,Cissen,rcissen24@biblegateway.com,Polygender,80.57.121.110
78,Beck,Duffy,bduffy25@wordpress.com,Male,26.6.9.236
79,Darnall,Orringe,dorringe26@earthlink.net,Male,236.212.68.146
80,Galina,MacKellen,gmackellen27@storify.com,Female,186.21.52.107
81,Marcello,Tearney,mtearney28@cpanel.net,Genderfluid,158.186.3.208
82,Marietta,Foran,mforan29@about.me,Female,222.25.59.57
83,Bail,Craghead,bcraghead2a@mashable.com,Male,184.213.213.101
84,Natala,Sandall,nsandall2b@dmoz.org,Female,133.123.139.174
85,Pru,Gianettini,pgianettini2c@alibaba.com,Female,192.115.150.203
86,Janeva,Lazonby,jlazonby2d@xinhuanet.com,Female,191.75.118.134
87,Hank,Desaur,hdesaur2e@wordpress.com,Non-binary,121.13.165.145
88,Mahala,Capp,mcapp2f@yale.edu,Non-binary,252.177.206.201
89,Denyse,Lewton,dlewton2g@bravesites.com,Female,217.1.230.233
90,Eimile,Ruegg,eruegg2h@qq.com,Female,123.173.15.11
91,Cris,Dulin,cdulin2i@w3.org,Male,95.255.118.134
92,Timmie,Swinyard,tswinyard2j@amazon.com,Female,131.30.238.140
93,Shadow,Starsmore,sstarsmore2k@cnn.com,Male,126.84.91.189
94,Ora,Lindeberg,olindeberg2l@wikipedia.org,Female,175.131.239.146
95,Kikelia,Mantione,kmantione2m@redcross.org,Polygender,156.213.110.90
96,Arin,Hounson,ahounson2n@ucoz.com,Male,40.230.151.48
97,Mirabella,Dingle,mdingle2o@slideshare.net,Female,66.133.45.61
98,Kaitlynn,Alderton,kalderton2p@ca.gov,Female,45.29.200.108
99,Caritta,Sherewood,csherewood2q@topsy.com,Female,201.193.223.186
100,Franchot,Eccleston,feccleston2r@youtube.com,Male,228.144.88.153
101,Marney,Ida,mida2s@biglobe.ne.jp,Female,82.20.236.144
102,Caz,Pedley,cpedley2t@cnn.com,Male,43.97.198.159
103,Baxy,Borlease,bborlease2u@ameblo.jp,Male,31.36.231.156
104,Deloria,Dekeyser,ddekeyser2v@amazon.co.uk,Female,142.1.130.215
105,Henry,Kaygill,hkaygill2w@geocities.com,Male,176.206.65.37
106,Claire,Kivlin,ckivlin2x@nasa.gov,Female,129.247.115.97
107,Benjamin,Ibanez,bibanez2y@topsy.com,Genderqueer,163.154.99.100
108,Cariotta,Greensmith,cgreensmith2z@fda.gov,Polygender,57.137.234.15
109,Hansiain,Mell,hmell30@domainmarket.com,Male,54.101.242.36
110,Philipa,Pietsma,ppietsma31@biglobe.ne.jp,Female,219.146.252.42
111,Nissa,Dublin,ndublin32@upenn.edu,Female,228.185.151.209
112,Amerigo,Frantsev,afrantsev33@ycombinator.com,Non-binary,56.245.177.135
113,Marys,Lampard,mlampard34@facebook.com,Female,25.176.70.172
114,Pierson,Arnley,parnley35@epa.gov,Male,4.35.85.130
115,Melinda,O'Doran,modoran36@deliciousdays.com,Female,9.232.155.127
116,Drusy,Tighe,dtighe37@dell.com,Female,247.179.61.103
117,Mayer,Kinny,mkinny38@slate.com,Male,43.186.188.199
118,Reider,Boothman,rboothman39@nymag.com,Male,208.181.140.100
119,Katherine,Riddall,kriddall3a@wix.com,Female,173.12.33.224
120,Bertine,Gohier,bgohier3b@studiopress.com,Female,22.58.127.125
121,Humberto,Refford,hrefford3c@apple.com,Male,30.33.1.106
122,Bear,Gillyatt,bgillyatt3d@va.gov,Male,185.81.196.226
123,Pammi,Merigeau,pmerigeau3e@1und1.de,Female,97.105.53.150
124,Blisse,Vern,bvern3f@php.net,Female,127.16.79.40
125,Thorpe,Montague,tmontague3g@biblegateway.com,Male,215.150.193.96
126,Jerrie,Darch,jdarch3h@apple.com,Female,182.183.190.145
127,Ophelie,Ficken,oficken3i@yahoo.co.jp,Female,43.178.88.28
128,Odelia,Elvey,oelvey3j@wordpress.com,Female,67.201.206.121
129,Esteban,Gregorowicz,egregorowicz3k@paginegialle.it,Male,10.118.114.185
130,Sheelagh,Goodbur,sgoodbur3l@usnews.com,Female,219.193.70.212
131,Waylan,McKiddin,wmckiddin3m@wp.com,Male,152.45.196.228
132,Bertha,Gadeaux,bgadeaux3n@dot.gov,Female,41.36.220.202
133,Carie,Broadhurst,cbroadhurst3o@odnoklassniki.ru,Genderfluid,87.14.30.35
134,Alfonse,Scoterbosh,ascoterbosh3p@4shared.com,Genderfluid,13.160.137.191
135,Morgen,St Leger,mstleger3q@unesco.org,Male,156.238.121.43
136,Franky,Stabbins,fstabbins3r@hatena.ne.jp,Female,198.174.125.91
137,Dion,Ianitti,dianitti3s@photobucket.com,Female,231.2.244.181
138,Frankie,McCrainor,fmccrainor3t@deliciousdays.com,Female,160.124.120.20
139,Bord,Arrow,barrow3u@hugedomains.com,Male,166.75.83.120
140,Christan,Houselee,chouselee3v@ebay.com,Female,212.15.54.126
141,Lennard,Garfoot,lgarfoot3w@whitehouse.gov,Male,142.26.104.86
142,Tove,Treher,ttreher3x@storify.com,Female,16.202.32.66
143,Mayer,Mungin,mmungin3y@oracle.com,Male,188.182.176.166
144,Gisela,Hanscome,ghanscome3z@google.com.hk,Female,65.177.247.108
145,Benson,Incogna,bincogna40@latimes.com,Male,192.117.226.50
146,Judas,Shiril,jshiril41@businessweek.com,Male,99.67.61.220
147,Clementia,Cairns,ccairns42@google.pl,Female,28.42.243.114
148,Renaldo,Bendson,rbendson43@phoca.cz,Male,246.116.225.228
149,Davey,Danet,ddanet44@ftc.gov,Male,11.72.66.225
150,Lutero,Bewsey,lbewsey45@gmpg.org,Male,146.139.54.68
151,Quincey,Leggin,qleggin46@jalbum.net,Male,63.198.104.198
152,Wheeler,Slayford,wslayford47@nytimes.com,Genderqueer,23.16.108.208
153,Seamus,Flatte,sflatte48@wp.com,Male,77.61.187.185
154,Sollie,Sturman,ssturman49@dmoz.org,Male,229.70.168.105
155,Winslow,Warlock,wwarlock4a@biblegateway.com,Male,165.33.212.247
156,Car,Ibberson,cibberson4b@indiegogo.com,Male,113.144.24.24
157,Errol,Prate,eprate4c@netlog.com,Male,40.182.192.114
158,Neely,Malecky,nmalecky4d@livejournal.com,Female,174.147.109.98
159,Pasquale,Strathe,pstrathe4e@desdev.cn,Male,175.225.62.248
160,Cordell,Ogg,cogg4f@wufoo.com,Male,239.197.166.162
161,Cairistiona,Bennison,cbennison4g@51.la,Female,141.50.158.81
162,Lucho,Kreber,lkreber4h@vistaprint.com,Male,92.169.75.20
163,Liam,Cottesford,lcottesford4i@businessweek.com,Male,192.18.155.16
164,Welsh,Lambregts,wlambregts4j@zdnet.com,Male,161.99.132.21
165,Thor,McCullagh,tmccullagh4k@chronoengine.com,Male,245.28.86.182
166,Hector,McJury,hmcjury4l@twitpic.com,Male,75.226.59.122
167,Emalia,Lamble,elamble4m@oakley.com,Female,47.181.166.10
168,Rayner,Brice,rbrice4n@seattletimes.com,Male,204.113.208.97
169,Wylma,Waggatt,wwaggatt4o@artisteer.com,Female,217.81.95.131
170,Grace,Rounsefull,grounsefull4p@mediafire.com,Female,74.105.95.102
171,Jeno,Cosbey,jcosbey4q@foxnews.com,Male,109.113.206.245
172,Elinor,Dowdam,edowdam4r@typepad.com,Female,84.13.90.226
173,Melva,Miell,mmiell4s@buzzfeed.com,Female,55.113.163.194
174,Georgianne,Dymocke,gdymocke4t@jigsy.com,Female,186.215.198.21
175,Wilden,Cumber,wcumber4u@com.com,Non-binary,115.242.226.172
176,Karin,McDavid,kmcdavid4v@delicious.com,Female,201.95.209.234
177,Meade,de Broke,mdebroke4w@virginia.edu,Female,175.108.111.197
178,Ransom,Tesauro,rtesauro4x@simplemachines.org,Male,236.50.8.25
179,Thorvald,Snozzwell,tsnozzwell4y@guardian.co.uk,Male,58.104.112.139
180,Broddy,Glavias,bglavias4z@liveinternet.ru,Male,154.168.171.8
181,Editha,Agron,eagron50@senate.gov,Female,169.14.90.132
182,Jens,Parke,jparke51@alibaba.com,Male,17.226.238.28
183,Dulce,Uren,duren52@csmonitor.com,Female,233.111.156.98
184,Mae,Blincowe,mblincowe53@newyorker.com,Female,77.160.143.73
185,Saraann,Conquer,sconquer54@bandcamp.com,Female,163.220.5.81
186,Theresa,Broadbury,tbroadbury55@360.cn,Female,222.196.73.203
187,Orion,Sandercock,osandercock56@cbslocal.com,Male,1.170.27.157
188,Virgilio,Whitebread,vwhitebread57@tumblr.com,Male,166.248.60.25
189,Donovan,Alston,dalston58@disqus.com,Male,12.40.89.172
190,Durand,Annott,dannott59@usgs.gov,Male,213.66.186.217
191,Elmore,Lorenzetto,elorenzetto5a@opensource.org,Male,53.52.169.217
192,Regan,Dagwell,rdagwell5b@wix.com,Female,80.18.114.40
193,Pippo,Talmadge,ptalmadge5c@irs.gov,Male,167.224.69.90
194,Etta,De Lacey,edelacey5d@ocn.ne.jp,Female,151.6.33.4
195,Thebault,Bly,tbly5e@cbslocal.com,Male,225.185.42.169
196,Ronnie,Woolstenholmes,rwoolstenholmes5f@dell.com,Male,181.196.182.23
197,Gayler,O' Sullivan,gosullivan5g@java.com,Male,126.26.233.159
198,Linn,Castan,lcastan5h@amazon.com,Female,69.187.193.153
199,Martie,Boake,mboake5i@vimeo.com,Female,169.184.67.182
200,Gabby,Allom,gallom5j@taobao.com,Genderqueer,67.111.59.161
201,Bron,Scoggin,bscoggin5k@toplist.cz,Genderqueer,213.126.213.249
202,Thornie,MacMaster,tmacmaster5l@lycos.com,Male,230.232.190.23
203,Godart,Leivers,gleivers5m@google.com,Male,104.251.12.218
204,Dale,Killik,dkillik5n@nymag.com,Female,224.78.31.140
205,Iseabal,Fere,ifere5o@biglobe.ne.jp,Polygender,162.101.177.98
206,Loren,Rozet,lrozet5p@fastcompany.com,Male,21.165.237.119
207,Aaren,Bischof,abischof5q@macromedia.com,Female,214.192.180.185
208,Quent,O'Rowane,qorowane5r@hubpages.com,Male,130.193.36.0
209,Ulysses,Nelsen,unelsen5s@ox.ac.uk,Male,135.3.160.115
210,Haroun,Senussi,hsenussi5t@npr.org,Male,235.112.157.6
211,Vanny,Ruusa,vruusa5u@google.es,Female,35.83.59.225
212,Cornell,Alexandre,calexandre5v@aboutads.info,Male,125.72.78.9
213,Konstanze,Sicily,ksicily5w@geocities.jp,Female,10.31.30.240
214,Powell,Greatex,pgreatex5x@51.la,Male,24.221.113.122
215,Gena,Vowden,gvowden5y@cnbc.com,Female,14.68.50.140
216,Flor,Maher,fmaher5z@gmpg.org,Female,184.191.191.46
217,Jimmy,Euston,jeuston60@qq.com,Male,97.74.31.63
218,Whitman,Bidnall,wbidnall61@google.com.br,Male,23.242.176.39
219,Abbey,Ivashinnikov,aivashinnikov62@amazon.de,Male,124.32.80.67
220,Petrina,Stitch,pstitch63@slashdot.org,Female,88.97.185.37
221,Lauralee,Halt,lhalt64@fotki.com,Female,197.121.141.111
222,Maryanne,Dewett,mdewett65@go.com,Female,101.12.230.132
223,Ilyse,Weddell,iweddell66@gov.uk,Female,222.178.71.137
224,Lanie,Buckthorpe,lbuckthorpe67@vistaprint.com,Male,43.52.128.91
225,Yvon,Alcott,yalcott68@youku.com,Male,200.161.8.49
226,Latisha,Polendine,lpolendine69@yahoo.com,Female,11.201.176.35
227,Hamil,Di Iorio,hdiiorio6a@flickr.com,Bigender,239.94.28.192
228,Teddy,Vecard,tvecard6b@globo.com,Male,91.191.146.130
229,Town,Brass,tbrass6c@npr.org,Male,1.229.106.136
230,Broderick,Goodlatt,bgoodlatt6d@marketwatch.com,Male,103.92.11.150
231,Dominic,Witherby,dwitherby6e@livejournal.com,Male,5.82.202.230
232,Sibylla,Graalmans,sgraalmans6f@cam.ac.uk,Bigender,2.252.9.115
233,Deeann,Ullyott,dullyott6g@odnoklassniki.ru,Female,51.103.135.58
234,Bail,Haskur,bhaskur6h@comsenz.com,Male,52.212.100.229
235,Kathie,Grimsley,kgrimsley6i@instagram.com,Female,99.34.94.144
236,Basia,Ardling,bardling6j@tinypic.com,Female,30.246.83.206
237,Jedd,Jessep,jjessep6k@paypal.com,Male,252.31.9.108
238,Dulcia,Ritchie,dritchie6l@gizmodo.com,Female,195.16.197.132
239,Regan,Erskine Sandys,rerskinesandys6m@shareasale.com,Male,221.117.176.100
240,Ragnar,Azemar,razemar6n@craigslist.org,Male,200.28.20.47
241,Truda,Meysham,tmeysham6o@about.me,Female,222.191.31.3
242,Daren,Tantum,dtantum6p@npr.org,Male,5.114.6.213
243,Nico,Veall,nveall6q@guardian.co.uk,Non-binary,190.29.105.229
244,Garret,Benduhn,gbenduhn6r@myspace.com,Male,77.123.102.210
245,Coletta,Kildahl,ckildahl6s@nasa.gov,Female,154.199.148.135
246,Yorgos,Folcarelli,yfolcarelli6t@skyrock.com,Genderfluid,234.139.2.182
247,Nathan,Hardern,nhardern6u@smugmug.com,Male,83.124.182.88
248,Odelle,Guirard,oguirard6v@mediafire.com,Female,183.196.242.67
249,Sander,Radband,sradband6w@cisco.com,Male,173.146.226.219
250,Shandra,Robuchon,srobuchon6x@sogou.com,Genderqueer,2.204.113.150
251,Sansone,Smuth,ssmuth6y@hibu.com,Genderqueer,120.203.179.137
252,Sloan,Menguy,smenguy6z@studiopress.com,Male,170.253.36.138
253,Dill,Kemwall,dkemwall70@devhub.com,Male,254.229.248.39
254,Danie,Grahlmans,dgrahlmans71@berkeley.edu,Male,115.112.29.132
255,Nils,Bater,nbater72@instagram.com,Male,185.18.88.202
256,Nichol,Verrick,nverrick73@hugedomains.com,Female,19.188.237.193
257,Winifield,Huddy,whuddy74@delicious.com,Male,172.164.164.82
258,Derrek,Culleford,dculleford75@sogou.com,Male,24.12.155.225
259,Farand,Rimell,frimell76@yahoo.co.jp,Female,213.169.69.239
260,Paulie,Goldfinch,pgoldfinch77@sakura.ne.jp,Male,173.128.47.29
261,Deane,Alelsandrowicz,dalelsandrowicz78@usnews.com,Male,207.89.159.158
262,Bellanca,Stockman,bstockman79@nationalgeographic.com,Female,32.175.233.90
263,Ramon,Richardot,rrichardot7a@4shared.com,Male,232.151.108.89
264,Jeannie,Kachel,jkachel7b@si.edu,Female,247.184.75.55
265,Cammy,Bidder,cbidder7c@ebay.com,Male,123.53.181.3
266,Lydia,Markey,lmarkey7d@census.gov,Female,60.75.133.177
267,Kacy,Odda,kodda7e@is.gd,Female,122.250.37.68
268,Charmian,Matzeitis,cmatzeitis7f@com.com,Female,95.154.56.73
269,Adrian,Dorn,adorn7g@spiegel.de,Female,250.45.225.22
270,Hayyim,Tolwood,htolwood7h@google.es,Male,33.136.4.22
271,Fenelia,Tale,ftale7i@arizona.edu,Female,139.166.186.218
272,Riane,Helstrom,rhelstrom7j@state.gov,Female,255.35.155.120
273,Alma,Penhallurick,apenhallurick7k@4shared.com,Female,139.255.124.14
274,Conrado,Schowenburg,cschowenburg7l@java.com,Male,112.231.245.184
275,Roch,Kleewein,rkleewein7m@state.tx.us,Agender,54.143.214.233
276,Staci,Pace,space7n@list-manage.com,Female,177.147.246.52
277,Fifi,Allridge,fallridge7o@patch.com,Female,69.196.16.152
278,Thaddeus,Blasiak,tblasiak7p@about.com,Male,194.249.68.164
279,Min,Coad,mcoad7q@twitter.com,Non-binary,53.250.192.192
280,Katheryn,McLemon,kmclemon7r@tumblr.com,Female,170.190.232.193
281,Neil,Brennen,nbrennen7s@goo.gl,Genderfluid,149.158.123.121
282,Chip,Pieracci,cpieracci7t@usa.gov,Male,143.155.230.198
283,Hugo,Barnham,hbarnham7u@hhs.gov,Male,161.5.122.237
284,Gaye,Alty,galty7v@facebook.com,Female,132.109.235.254
285,Mohandis,Birdall,mbirdall7w@facebook.com,Male,95.53.9.96
286,Thebault,Yoakley,tyoakley7x@meetup.com,Agender,77.249.124.214
287,Sharline,Lunbech,slunbech7y@histats.com,Female,152.176.101.143
288,Fedora,Thody,fthody7z@hp.com,Female,234.155.165.243
289,Baryram,Thamelt,bthamelt80@edublogs.org,Polygender,112.222.41.31
290,Wilmette,McCrostie,wmccrostie81@slideshare.net,Female,47.249.129.82
291,Irina,Darey,idarey82@springer.com,Female,235.230.126.195
292,Nester,Adnett,nadnett83@example.com,Male,129.152.96.175
293,Sibley,Smyth,ssmyth84@multiply.com,Female,16.46.176.227
294,Jacky,Danielczyk,jdanielczyk85@google.com.br,Male,33.243.71.85
295,Marianna,Igonet,migonet86@dell.com,Female,71.43.208.94
296,Robinet,Macken,rmacken87@stumbleupon.com,Male,219.61.56.116
297,Elke,Geist,egeist88@earthlink.net,Female,232.80.5.31
298,Titus,Tams,ttams89@diigo.com,Male,69.98.2.72
299,Hilliard,Lamanby,hlamanby8a@prweb.com,Genderfluid,230.75.158.162
300,Dahlia,Coldham,dcoldham8b@hexun.com,Female,69.128.73.116
301,Chrysler,Hearnah,chearnah8c@shareasale.com,Female,244.153.216.219
302,Avigdor,Bengochea,abengochea8d@wordpress.com,Male,159.58.62.249
303,Minne,Courcey,mcourcey8e@blogs.com,Female,216.228.248.82
304,Ham,Lune,hlune8f@360.cn,Male,245.94.74.178
305,Issie,Sollitt,isollitt8g@aboutads.info,Female,240.236.127.142
306,Marti,Persse,mpersse8h@cmu.edu,Female,109.253.164.109
307,Ryann,Brobeck,rbrobeck8i@printfriendly.com,Female,51.247.132.66
308,Giorgia,Bresnen,gbresnen8j@tripadvisor.com,Female,160.186.0.216
309,Merralee,Growcott,mgrowcott8k@cnbc.com,Genderqueer,213.97.229.216
310,Benetta,Gatfield,bgatfield8l@flavors.me,Female,193.95.157.154
311,Erinn,Smedmore,esmedmore8m@dell.com,Female,198.135.45.213
312,Sadye,Starbuck,sstarbuck8n@whitehouse.gov,Female,7.209.44.15
313,Bjorn,Suthworth,bsuthworth8o@globo.com,Male,157.115.156.80
314,Nicholle,Hentzeler,nhentzeler8p@ed.gov,Female,216.123.211.82
315,Rafaela,Gensavage,rgensavage8q@tumblr.com,Polygender,2.159.112.88
316,Wiley,Cavan,wcavan8r@shinystat.com,Male,77.229.53.145
317,Harvey,Smeed,hsmeed8s@purevolume.com,Male,22.89.178.13
318,Vinny,Hards,vhards8t@boston.com,Female,235.101.117.181
319,Dorian,Farthing,dfarthing8u@usgs.gov,Polygender,83.199.50.149
320,Trefor,Bassford,tbassford8v@apple.com,Male,32.54.129.71
321,Jamaal,Kippie,jkippie8w@cpanel.net,Male,218.192.209.174
322,Shaun,Locarno,slocarno8x@google.com,Male,183.166.238.83
323,Gilda,Escott,gescott8y@msu.edu,Female,113.36.158.46
324,Tierney,Ree,tree8z@youku.com,Female,99.45.91.149
325,Zena,Huffy,zhuffy90@cargocollective.com,Female,150.224.231.53
326,Millard,Chasson,mchasson91@pinterest.com,Male,22.66.247.7
327,Tom,Yesipov,tyesipov92@amazon.de,Male,155.168.35.120
328,Cosette,Turvey,cturvey93@weibo.com,Female,14.83.245.126
329,Helge,Shitliff,hshitliff94@addtoany.com,Female,249.160.168.97
330,Kaja,Blissitt,kblissitt95@indiegogo.com,Female,60.186.102.205
331,Rosemarie,Hagerty,rhagerty96@facebook.com,Female,204.29.216.141
332,Eunice,Trencher,etrencher97@wikispaces.com,Female,210.169.225.122
333,Sander,Lamb-shine,slambshine98@google.co.uk,Male,1.211.9.215
334,Claudetta,Farrington,cfarrington99@sohu.com,Female,85.219.150.249
335,Ariela,De La Cote,adelacote9a@nationalgeographic.com,Genderqueer,61.172.245.97
336,Alvera,Revett,arevett9b@purevolume.com,Female,68.18.69.119
337,Patrick,Piscot,ppiscot9c@biblegateway.com,Male,102.200.129.39
338,Chadd,Newgrosh,cnewgrosh9d@bbb.org,Male,157.58.130.31
339,Louella,Smalles,lsmalles9e@google.com,Female,192.39.186.131
340,Judy,Kitney,jkitney9f@arstechnica.com,Female,231.246.213.178
341,Gretta,Scatchar,gscatchar9g@themeforest.net,Female,167.144.141.156
342,Jedd,Sinden,jsinden9h@stumbleupon.com,Male,208.163.182.114
343,Port,Minshall,pminshall9i@discovery.com,Male,241.141.39.233
344,Gradeigh,Mollon,gmollon9j@oakley.com,Male,249.28.7.213
345,Sianna,Gareisr,sgareisr9k@msn.com,Female,1.132.108.135
346,Tommy,Smithen,tsmithen9l@exblog.jp,Male,76.157.191.241
347,Katleen,Balbeck,kbalbeck9m@uol.com.br,Female,27.20.76.207
348,Lew,Exer,lexer9n@hao123.com,Male,243.131.35.209
349,Holly,Rattenberie,hrattenberie9o@cbslocal.com,Female,135.77.41.239
350,Tedmund,Davenhill,tdavenhill9p@tmall.com,Male,248.147.224.131
351,Webb,Dury,wdury9q@networkadvertising.org,Bigender,199.151.209.214
352,Shayne,Brogioni,sbrogioni9r@dedecms.com,Male,55.202.174.190
353,Elsi,Jorger,ejorger9s@vinaora.com,Female,40.71.59.35
354,Adriana,Piers,apiers9t@digg.com,Female,15.179.14.53
355,Thibaut,Mandrier,tmandrier9u@scientificamerican.com,Male,128.213.155.36
356,Harv,MacCollom,hmaccollom9v@wikipedia.org,Male,169.122.106.88
357,Cesya,Carnilian,ccarnilian9w@discuz.net,Female,235.132.205.55
358,Lacy,Blasl,lblasl9x@wunderground.com,Female,244.163.63.47
359,Virginie,Tarver,vtarver9y@slate.com,Agender,26.27.210.130
360,Jobina,Grayland,jgrayland9z@google.fr,Female,141.50.144.235
361,Eilis,Fiddy,efiddya0@shutterfly.com,Female,242.46.92.181
362,Elianore,Hinchshaw,ehinchshawa1@pagesperso-orange.fr,Agender,108.64.208.247
363,Alberto,Adicot,aadicota2@wikimedia.org,Male,58.248.210.33
364,Zorina,Vasyutichev,zvasyuticheva3@mtv.com,Female,190.199.49.28
365,Caren,Ianelli,cianellia4@tmall.com,Female,113.124.8.163
366,Harrison,Cooney,hcooneya5@360.cn,Male,26.30.200.80
367,Errol,Vidyapin,evidyapina6@nih.gov,Male,230.43.125.167
368,Eleen,Pendrid,ependrida7@com.com,Female,13.91.193.41
369,Emmaline,Hasley,ehasleya8@economist.com,Female,210.166.155.135
370,Brucie,Gawthorpe,bgawthorpea9@hud.gov,Male,234.71.180.47
371,Evita,Burns,eburnsaa@ucla.edu,Female,47.128.159.55
372,Bennie,Demcik,bdemcikab@blogspot.com,Female,217.172.206.4
373,Weider,Rennock,wrennockac@eventbrite.com,Male,4.245.96.105
374,Alvie,Bennallck,abennallckad@nasa.gov,Male,26.186.156.10
375,Shermie,Tuley,stuleyae@sohu.com,Male,139.15.51.53
376,Jilly,Azema,jazemaaf@is.gd,Female,18.14.203.18
377,Robbie,Cuel,rcuelag@mysql.com,Male,205.78.92.213
378,Meghann,Songest,msongestah@godaddy.com,Female,177.76.130.3
379,Consolata,Dronsfield,cdronsfieldai@usgs.gov,Polygender,206.178.5.254
380,Daniela,Rainard,drainardaj@mac.com,Female,6.1.55.57
381,Grayce,Mickelwright,gmickelwrightak@princeton.edu,Female,215.217.171.246
382,Alejandrina,Cunradi,acunradial@deviantart.com,Female,245.177.70.74
383,Pooh,Thorby,pthorbyam@npr.org,Female,8.245.153.250
384,Fianna,Knighton,fknightonan@phpbb.com,Female,213.205.192.82
385,Nollie,Bowdidge,nbowdidgeao@princeton.edu,Female,127.23.207.62
386,Larissa,D'Onisi,ldonisiap@sina.com.cn,Female,30.248.177.2
387,Dixie,Pottberry,dpottberryaq@google.ru,Female,65.87.138.73
388,Myrtle,Hacaud,mhacaudar@ameblo.jp,Female,180.25.56.1
389,Georgette,Tynnan,gtynnanas@google.es,Polygender,71.8.152.238
390,Bryan,Caughtry,bcaughtryat@163.com,Male,211.218.130.225
391,Harbert,Vincent,hvincentau@psu.edu,Male,207.69.207.81
392,Dynah,Oaten,doatenav@biblegateway.com,Female,162.155.243.241
393,Caldwell,Bartlosz,cbartloszaw@cnet.com,Male,9.11.90.31
394,Kaleb,Critchell,kcritchellax@php.net,Male,93.28.121.209
395,Stephanie,Gately,sgatelyay@theatlantic.com,Female,78.17.88.201
396,Carmine,McDuall,cmcduallaz@bbc.co.uk,Female,171.208.149.16
397,Carmine,Vequaud,cvequaudb0@berkeley.edu,Female,142.140.49.131
398,Fee,Jodlowski,fjodlowskib1@cam.ac.uk,Male,185.73.186.135
399,Raychel,Saggers,rsaggersb2@wikia.com,Female,207.14.235.104
400,Lily,Gowers,lgowersb3@geocities.jp,Female,214.77.168.187
401,Arturo,Harefoot,aharefootb4@ft.com,Male,202.93.30.62
402,Valentia,Poschel,vposchelb5@gov.uk,Female,207.217.21.204
403,Fallon,Deluce,fdeluceb6@t.co,Female,158.84.184.119
404,Logan,Kenna,lkennab7@uol.com.br,Male,181.222.116.164
405,Emlynne,Smaile,esmaileb8@ovh.net,Female,128.160.80.158
406,Rosetta,Pickworth,rpickworthb9@pagesperso-orange.fr,Female,249.23.197.168
407,Marcos,Drance,mdranceba@posterous.com,Male,110.164.155.191
408,Cathleen,Bleasby,cbleasbybb@tumblr.com,Female,243.92.168.186
409,Flem,Darco,fdarcobc@exblog.jp,Male,185.179.13.252
410,Wilmer,Petrasch,wpetraschbd@dropbox.com,Male,208.46.233.15
411,Elicia,Argabrite,eargabritebe@ocn.ne.jp,Female,136.126.85.177
412,Morton,Sainz,msainzbf@wsj.com,Male,114.136.188.248
413,Ashby,Northern,anorthernbg@shareasale.com,Male,112.241.253.119
414,Ariela,Renault,arenaultbh@godaddy.com,Female,116.34.96.61
415,Lishe,Edwicke,ledwickebi@hubpages.com,Female,216.114.101.203
416,Leonidas,Hylton,lhyltonbj@homestead.com,Male,140.236.94.198
417,Isa,Bautiste,ibautistebk@nba.com,Male,245.203.232.158
418,Breena,Burchess,bburchessbl@theglobeandmail.com,Female,251.230.27.186
419,Lonee,Maudlin,lmaudlinbm@craigslist.org,Female,57.141.98.255
420,Harri,Beswick,hbeswickbn@123-reg.co.uk,Female,8.10.88.156
421,Freddy,Zapatero,fzapaterobo@epa.gov,Male,96.233.79.34
422,Kevan,Curreen,kcurreenbp@illinois.edu,Non-binary,95.95.127.142
423,Marjory,Birdall,mbirdallbq@w3.org,Female,141.186.89.104
424,Trisha,Lampbrecht,tlampbrechtbr@acquirethisname.com,Female,248.202.131.170
425,Cynthy,Lattie,clattiebs@vistaprint.com,Female,97.51.231.17
426,Hugues,Nuccitelli,hnuccitellibt@gov.uk,Male,226.100.171.135
427,Mab,Keough,mkeoughbu@printfriendly.com,Female,249.21.181.74
428,Melesa,Pic,mpicbv@unblog.fr,Female,247.77.19.84
429,Lonnard,Dymock,ldymockbw@studiopress.com,Male,149.207.12.155
430,Mord,Demangeon,mdemangeonbx@digg.com,Male,165.58.254.91
431,Gardiner,Bankhurst,gbankhurstby@google.it,Male,52.245.192.71
432,Gennifer,Bodsworth,gbodsworthbz@pinterest.com,Female,24.90.176.220
433,Dosi,Brameld,dbrameldc0@weebly.com,Female,133.134.7.197
434,Nat,Hills,nhillsc1@nyu.edu,Male,143.245.170.224
435,Virgil,Moyer,vmoyerc2@nytimes.com,Male,33.239.97.57
436,Ossie,Bronot,obronotc3@last.fm,Male,196.106.87.159
437,Patsy,Rust,prustc4@mozilla.org,Male,12.166.105.51
438,Giorgi,Davidde,gdaviddec5@yahoo.com,Male,93.190.161.173
439,Cecil,MacHostie,cmachostiec6@symantec.com,Female,116.90.16.157
440,Dawn,Coltherd,dcoltherdc7@fc2.com,Female,110.225.181.90
441,Lori,Moran,lmoranc8@123-reg.co.uk,Female,127.254.13.172
442,Selinda,Gocke,sgockec9@cam.ac.uk,Female,163.115.98.129
443,Roda,Cupper,rcupperca@networksolutions.com,Female,201.193.203.179
444,Lynnet,Okroy,lokroycb@pen.io,Female,202.128.91.70
445,Buddy,Guyonneau,bguyonneaucc@theatlantic.com,Male,179.198.255.210
446,Bat,Bendle,bbendlecd@studiopress.com,Male,182.41.81.123
447,Boyd,Tippler,btipplerce@cloudflare.com,Male,207.184.120.216
448,Ambrosius,Stedmond,astedmondcf@macromedia.com,Male,78.57.98.170
449,Danni,Boumphrey,dboumphreycg@ucsd.edu,Female,190.139.51.184
450,Ned,Lunn,nlunnch@friendfeed.com,Male,30.112.194.237
451,Syd,Pumfrey,spumfreyci@deviantart.com,Male,231.176.21.29
452,Katy,Yuranovev,kyuranovevcj@facebook.com,Female,181.249.187.143
453,Betty,Hirth,bhirthck@cyberchimps.com,Female,229.106.79.117
454,Rosalyn,Bagenal,rbagenalcl@newsvine.com,Female,8.143.53.243
455,Miran,Levins,mlevinscm@1und1.de,Female,189.75.33.39
456,Sapphira,Bounds,sboundscn@1688.com,Female,85.227.152.92
457,Adara,Jurczyk,ajurczykco@clickbank.net,Female,94.145.19.237
458,Dix,Hackford,dhackfordcp@imdb.com,Female,177.4.69.15
459,Hayden,Simonelli,hsimonellicq@1688.com,Male,145.87.199.174
460,Cathrine,Daunter,cdauntercr@yandex.ru,Polygender,148.206.61.91
461,Jazmin,Critcher,jcritchercs@timesonline.co.uk,Female,210.192.80.136
462,Gavan,Breeder,gbreederct@spiegel.de,Male,55.14.116.81
463,Donnell,Fulep,dfulepcu@columbia.edu,Male,186.1.153.193
464,Paulie,Confait,pconfaitcv@phpbb.com,Male,163.101.166.144
465,Malva,Soppit,msoppitcw@jimdo.com,Female,98.165.48.27
466,Romain,Dreus,rdreuscx@printfriendly.com,Male,27.21.136.72
467,Tish,Van der Daal,tvanderdaalcy@globo.com,Female,100.155.112.219
468,Ewell,Hechlin,ehechlincz@t-online.de,Male,56.182.143.132
469,Dionne,Geratt,dgerattd0@craigslist.org,Polygender,34.200.32.80
470,Hollis,Padgett,hpadgettd1@apache.org,Male,36.13.143.90
471,Julissa,Hardy,jhardyd2@diigo.com,Female,8.170.229.243
472,Judith,St. Ledger,jstledgerd3@last.fm,Female,93.69.179.171
473,Ailyn,Cunnell,acunnelld4@sina.com.cn,Female,252.109.17.36
474,Putnem,Ubanks,pubanksd5@themeforest.net,Male,195.16.88.47
475,Basil,Shorte,bshorted6@statcounter.com,Male,16.78.150.109
476,Wang,Dunstone,wdunstoned7@godaddy.com,Male,129.240.38.160
477,Ezri,Klewi,eklewid8@washington.edu,Male,95.227.72.68
478,Tiffany,Admans,tadmansd9@google.fr,Female,167.225.39.19
479,Cissy,Grubbe,cgrubbeda@wp.com,Female,153.171.217.69
480,Jeffry,Derycot,jderycotdb@youtube.com,Male,28.255.103.133
481,Vivian,Krystek,vkrystekdc@sphinn.com,Female,152.153.176.91
482,Gayler,Pagon,gpagondd@pagesperso-orange.fr,Male,28.83.10.71
483,Bryn,Ifill,bifillde@ustream.tv,Male,191.244.208.103
484,Maybelle,Levecque,mlevecquedf@ehow.com,Female,7.112.245.172
485,Michaela,Ayllett,mayllettdg@noaa.gov,Female,170.85.248.34
486,Russell,Spawforth,rspawforthdh@xinhuanet.com,Male,2.60.152.85
487,Paolo,Degoy,pdegoydi@statcounter.com,Male,165.157.51.236
488,Heindrick,O'Deoran,hodeorandj@sphinn.com,Male,36.241.25.174
489,Ediva,MacKniely,emacknielydk@un.org,Female,217.90.63.87
490,Chester,Villa,cvilladl@theguardian.com,Male,58.119.181.112
491,Waylin,Hiskey,whiskeydm@nydailynews.com,Male,107.153.65.133
492,Dur,Grafton,dgraftondn@storify.com,Male,39.176.133.45
493,Karrie,Maddrell,kmaddrelldo@t.co,Female,90.157.131.56
494,Cate,Cream,ccreamdp@mapquest.com,Female,45.200.64.51
495,Antonie,McGarvie,amcgarviedq@moonfruit.com,Female,171.222.6.188
496,Rafa,Kennet,rkennetdr@ycombinator.com,Female,87.112.147.240
497,Rodolph,Maddra,rmaddrads@webmd.com,Agender,213.102.237.18
498,Aloin,Dorkens,adorkensdt@histats.com,Male,27.212.77.60
499,Rosalinde,Curds,rcurdsdu@gravatar.com,Female,55.84.219.49
500,Mauricio,MacCaughen,mmaccaughendv@freewebs.com,Male,111.188.100.184
501,Layney,Ashdown,lashdowndw@va.gov,Female,202.173.59.78
502,Amalea,Shute,ashutedx@addtoany.com,Female,127.235.155.157
503,Shane,Whiterod,swhiteroddy@surveymonkey.com,Female,248.2.177.7
504,Randie,Feldmus,rfeldmusdz@soundcloud.com,Male,95.36.39.92
505,Cecil,Schnieder,cschniedere0@dion.ne.jp,Male,142.189.211.155
506,Harv,Weatherhogg,hweatherhogge1@unc.edu,Male,91.100.163.61
507,Alis,Swindle,aswindlee2@xing.com,Genderfluid,100.35.39.214
508,Shurlock,Bestwick,sbestwicke3@mail.ru,Male,179.45.233.78
509,Anselm,Girard,agirarde4@bloomberg.com,Male,164.205.73.5
510,Tuckie,Leavy,tleavye5@wikia.com,Male,131.241.177.13
511,Maggee,Ranahan,mranahane6@prlog.org,Female,85.115.198.255
512,Yolanthe,Dougher,ydoughere7@columbia.edu,Female,88.24.203.147
513,Kaiser,Geddis,kgeddise8@bigcartel.com,Male,143.134.12.77
514,Winifield,Marquot,wmarquote9@dailymail.co.uk,Male,164.154.124.236
515,Sindee,Breming,sbremingea@ed.gov,Female,113.162.222.189
516,Dilly,Willingham,dwillinghameb@soup.io,Male,8.251.137.244
517,Darcy,Degg,ddeggec@hhs.gov,Male,238.178.202.26
518,Annabal,Atrill,aatrilled@springer.com,Female,221.179.115.251
519,Vito,Brundill,vbrundillee@freewebs.com,Male,191.105.60.71
520,Parke,Habershon,phabershonef@prweb.com,Male,245.9.141.157
521,Shirley,Swindells,sswindellseg@xing.com,Female,248.144.139.13
522,Emory,Bunclark,ebunclarkeh@devhub.com,Male,25.78.57.165
523,Tedda,Meakin,tmeakinei@ocn.ne.jp,Female,70.146.223.199
524,Lynnette,Mundow,lmundowej@aol.com,Female,163.63.230.244
525,Huntley,Litel,hlitelek@earthlink.net,Male,128.169.232.221
526,Jsandye,Utting,juttingel@google.com.br,Female,95.235.202.224
527,Courtenay,Belfitt,cbelfittem@twitter.com,Female,33.174.13.2
528,Kassandra,Roz,krozen@homestead.com,Genderfluid,194.220.68.221
529,Estel,Raddenbury,eraddenburyeo@tripadvisor.com,Female,105.41.38.208
530,Roseline,Mixter,rmixterep@bbc.co.uk,Genderfluid,106.166.39.204
531,Anthe,Maycock,amaycockeq@economist.com,Female,132.191.251.70
532,Cherida,Woolner,cwoolnerer@berkeley.edu,Female,65.68.214.228
533,Ignaz,Czadla,iczadlaes@pcworld.com,Genderfluid,19.110.59.202
534,Ema,Gleader,egleaderet@nymag.com,Female,147.141.93.111
535,Anna,Dunniom,adunniomeu@xinhuanet.com,Female,140.110.170.222
536,Eben,Malling,emallingev@mit.edu,Male,78.81.40.107
537,Hashim,Rides,hridesew@163.com,Male,216.125.86.97
538,Fanchette,Chappelow,fchappelowex@newyorker.com,Female,155.250.220.11
539,Boris,Stefanovic,bstefanovicey@admin.ch,Male,175.96.64.208
540,Claudia,Lafford,claffordez@jiathis.com,Female,166.158.60.27
541,Allen,Buxsy,abuxsyf0@youtube.com,Male,140.45.114.34
542,Tremain,Fonzo,tfonzof1@jalbum.net,Male,188.176.57.85
543,Hollyanne,Lightning,hlightningf2@stanford.edu,Female,50.104.62.127
544,Jo ann,Lawleff,jlawlefff3@chron.com,Female,73.140.199.129
545,Melisenda,Reims,mreimsf4@sphinn.com,Female,138.18.67.3
546,Ronda,Pack,rpackf5@senate.gov,Genderfluid,198.236.225.46
547,Herby,Redon,hredonf6@noaa.gov,Male,7.157.248.211
548,Patten,Chisnell,pchisnellf7@hao123.com,Male,197.75.212.76
549,Jess,Chyuerton,jchyuertonf8@nih.gov,Female,75.250.235.20
550,Livia,Riguard,lriguardf9@geocities.jp,Female,29.57.245.203
551,Appolonia,Millin,amillinfa@linkedin.com,Female,191.128.93.42
552,Natal,Dunley,ndunleyfb@netlog.com,Male,250.80.186.73
553,Jorge,Selby,jselbyfc@admin.ch,Male,29.18.90.66
554,Yasmeen,Abberley,yabberleyfd@npr.org,Female,34.181.77.155
555,Merl,Duhig,mduhigfe@netscape.com,Female,58.110.253.82
556,Westleigh,Cridlin,wcridlinff@senate.gov,Male,31.144.140.121
557,Johny,Bulteel,jbulteelfg@icq.com,Bigender,213.204.51.13
558,Stewart,Tredget,stredgetfh@goo.gl,Male,199.102.212.8
559,Ring,Crinson,rcrinsonfi@tripod.com,Male,46.86.54.46
560,Evangeline,Ollerearnshaw,eollerearnshawfj@infoseek.co.jp,Female,106.30.122.234
561,Patrica,Lies,pliesfk@disqus.com,Genderfluid,108.1.164.162
562,Waldo,Losebie,wlosebiefl@yahoo.com,Male,245.40.112.147
563,Sterne,Block,sblockfm@salon.com,Male,205.218.8.68
564,Erastus,Billanie,ebillaniefn@last.fm,Male,229.0.182.171
565,Jaine,Sealand,jsealandfo@1und1.de,Agender,191.218.78.246
566,Hercules,Brawley,hbrawleyfp@businessinsider.com,Male,72.143.2.113
567,Elden,Sterman,estermanfq@engadget.com,Male,246.60.149.151
568,Dode,Kemmer,dkemmerfr@de.vu,Female,61.165.172.229
569,Chadd,Heugle,cheuglefs@jimdo.com,Non-binary,106.226.31.123
570,Spike,Wellbelove,swellbeloveft@bandcamp.com,Male,205.205.86.220
571,Ronda,Mingaud,rmingaudfu@chicagotribune.com,Genderqueer,120.139.52.17
572,Pablo,Longford,plongfordfv@phpbb.com,Male,121.122.21.198
573,Holmes,Klimentyev,hklimentyevfw@comcast.net,Polygender,204.52.183.63
574,Lucias,Hoolaghan,lhoolaghanfx@woothemes.com,Male,180.186.187.173
575,Joly,Clampe,jclampefy@ucoz.ru,Female,3.140.89.223
576,Ayn,Pendrich,apendrichfz@paginegialle.it,Female,251.149.73.150
577,Robbie,Bass,rbassg0@dmoz.org,Female,106.215.225.162
578,Flossi,Stopper,fstopperg1@smugmug.com,Polygender,185.151.38.202
579,Ursuline,Arrault,uarraultg2@vistaprint.com,Female,185.225.56.202
580,Raquel,Wilkennson,rwilkennsong3@mac.com,Non-binary,193.197.148.112
581,Berni,Meldon,bmeldong4@illinois.edu,Agender,83.76.30.12
582,Humphrey,Faill,hfaillg5@tamu.edu,Male,53.180.60.177
583,Hewie,Spurling,hspurlingg6@amazon.de,Male,158.81.160.209
584,Putnam,Tolotti,ptolottig7@globo.com,Male,210.88.2.2
585,Timofei,Gravie,tgravieg8@ft.com,Male,245.246.136.148
586,Caritta,Farre,cfarreg9@craigslist.org,Female,8.164.160.195
587,Valaria,Swannack,vswannackga@dion.ne.jp,Female,169.180.185.73
588,Willabella,Renvoys,wrenvoysgb@w3.org,Female,89.254.214.126
589,Ray,Kilmurry,rkilmurrygc@bizjournals.com,Male,173.97.162.69
590,Normie,Mc Grath,nmcgrathgd@opera.com,Male,49.175.95.212
591,Jeannie,Yannoni,jyannonige@google.it,Female,151.133.201.108
592,Harley,Rodolf,hrodolfgf@fema.gov,Male,42.8.12.113
593,Angelika,Guerrieri,aguerrierigg@amazonaws.com,Female,85.242.241.247
594,Gideon,Remnant,gremnantgh@amazon.co.jp,Bigender,130.32.38.223
595,Shayne,Bourton,sbourtongi@instagram.com,Female,212.213.146.231
596,Rikki,Karlsen,rkarlsengj@discovery.com,Female,134.17.189.100
597,Elinore,Lashmore,elashmoregk@fotki.com,Bigender,134.186.41.101
598,Arthur,McGuiney,amcguineygl@timesonline.co.uk,Male,230.102.136.80
599,Fielding,O'Kielt,fokieltgm@google.fr,Male,187.0.253.49
600,Dudley,Sybe,dsybegn@ibm.com,Male,49.54.200.150
601,Tedman,Crees,tcreesgo@guardian.co.uk,Agender,77.4.183.14
602,Mufinella,Layman,mlaymangp@nbcnews.com,Female,45.149.135.124
603,Gloriane,Whitchurch,gwhitchurchgq@woothemes.com,Female,145.16.208.37
604,Trina,Scriviner,tscrivinergr@google.co.uk,Female,61.161.63.1
605,Nancy,Smithend,nsmithendgs@arizona.edu,Female,110.252.38.223
606,Ezechiel,Schlagman,eschlagmangt@acquirethisname.com,Male,144.48.45.87
607,Gav,Tuffrey,gtuffreygu@netvibes.com,Male,216.122.218.169
608,Rand,Ottley,rottleygv@upenn.edu,Male,23.17.97.12
609,Kermit,Wornum,kwornumgw@samsung.com,Male,247.126.237.227
610,Elisabet,Gaynsford,egaynsfordgx@tamu.edu,Female,214.37.144.33
611,Rachel,Liepmann,rliepmanngy@slate.com,Female,134.52.185.15
612,Gratiana,Kemmey,gkemmeygz@msu.edu,Female,221.176.37.56
613,Nils,Antunes,nantunesh0@mtv.com,Male,36.92.183.3
614,Hildegarde,Digweed,hdigweedh1@hao123.com,Female,152.118.212.190
615,Orton,Headingham,oheadinghamh2@google.ru,Male,91.23.23.112
616,Rubin,Goodfellowe,rgoodfelloweh3@bravesites.com,Male,42.157.202.0
617,Riobard,Tregido,rtregidoh4@dot.gov,Male,170.134.185.243
618,Tabitha,Quye,tquyeh5@dell.com,Female,187.105.15.182
619,Livvyy,Rudolfer,lrudolferh6@apache.org,Female,68.245.83.58
620,Matilde,Stroyan,mstroyanh7@miitbeian.gov.cn,Female,232.198.225.143
621,Ruggiero,Lanchberry,rlanchberryh8@usnews.com,Male,107.205.91.147
622,Zaccaria,Morales,zmoralesh9@issuu.com,Male,114.228.101.82
623,Joycelin,Margram,jmargramha@arizona.edu,Female,12.161.16.226
624,Nadine,Tetford,ntetfordhb@smh.com.au,Female,196.9.252.143
625,Valaree,Olpin,volpinhc@ifeng.com,Genderqueer,252.144.29.24
626,Francesco,Wherrit,fwherrithd@360.cn,Male,120.70.109.227
627,Winfred,Langtree,wlangtreehe@japanpost.jp,Male,179.225.247.20
628,Beatriz,Kerswell,bkerswellhf@people.com.cn,Female,23.126.190.230
629,Tod,Meco,tmecohg@cdbaby.com,Male,255.158.187.107
630,Tate,Biddy,tbiddyhh@businessinsider.com,Male,26.8.223.106
631,Abby,Gartery,agarteryhi@admin.ch,Male,153.97.105.128
632,Antonina,Melburg,amelburghj@rediff.com,Female,201.233.41.189
633,Francene,Van Merwe,fvanmerwehk@eepurl.com,Female,158.147.67.152
634,Tina,Wyeld,twyeldhl@admin.ch,Female,207.70.125.215
635,Ancell,Alves,aalveshm@about.com,Male,154.113.70.176
636,Karena,Headech,kheadechhn@sbwire.com,Female,154.241.140.111
637,Bette-ann,Bonifas,bbonifasho@technorati.com,Polygender,165.42.240.180
638,Nicolais,Peddel,npeddelhp@reference.com,Male,203.128.29.132
639,Clemente,Blenkinsopp,cblenkinsopphq@adobe.com,Male,0.112.37.123
640,Orson,Nawton,onawtonhr@senate.gov,Male,238.81.153.0
641,Evyn,Buffery,ebufferyhs@eventbrite.com,Genderqueer,186.126.93.134
642,Orlando,Mumbey,omumbeyht@com.com,Male,180.209.150.20
643,Pavlov,Roddick,proddickhu@e-recht24.de,Male,70.214.73.78
644,Foss,Gibke,fgibkehv@irs.gov,Male,248.53.115.65
645,Phyllis,Hannigan,phanniganhw@comcast.net,Female,87.150.61.31
646,Demetris,Madelin,dmadelinhx@weebly.com,Female,254.79.100.40
647,Dniren,Kenward,dkenwardhy@php.net,Female,98.140.180.69
648,Maire,Limbrick,mlimbrickhz@123-reg.co.uk,Female,81.101.120.133
649,El,de Wilde,edewildei0@xing.com,Male,58.61.56.32
650,Janice,Mildner,jmildneri1@bloglovin.com,Female,53.232.3.204
651,Eliza,Lowdham,elowdhami2@symantec.com,Female,223.54.219.249
652,Jilly,Saffran,jsaffrani3@uiuc.edu,Female,107.95.79.157
653,Freida,Ferrick,fferricki4@csmonitor.com,Genderfluid,229.167.129.77
654,Arlyne,Seint,aseinti5@hc360.com,Female,143.171.170.23
655,Aleksandr,Palphreyman,apalphreymani6@parallels.com,Male,16.183.25.56
656,Haley,Edlestone,hedlestonei7@unesco.org,Female,235.132.119.52
657,Bear,Kemble,bkemblei8@themeforest.net,Male,43.39.125.178
658,Findlay,Dovinson,fdovinsoni9@storify.com,Male,48.131.87.47
659,Ruthi,Olive,roliveia@imdb.com,Female,248.22.210.92
660,Leon,Simmill,lsimmillib@foxnews.com,Male,176.12.217.239
661,Christabel,Emblin,cemblinic@posterous.com,Genderfluid,106.36.204.1
662,Shandeigh,Feehery,sfeeheryid@moonfruit.com,Non-binary,154.69.223.241
663,Rafaelita,Egiloff,regiloffie@cbc.ca,Female,140.204.137.194
664,Joann,Kaspar,jkasparif@army.mil,Female,24.226.250.105
665,Tobye,Goch,tgochig@mlb.com,Female,208.88.214.7
666,Cecilia,Quantick,cquantickih@lulu.com,Female,92.240.129.121
667,Lorraine,Shayes,lshayesii@reddit.com,Female,254.216.72.159
668,Garreth,Harnetty,gharnettyij@imageshack.us,Male,114.152.57.57
669,Charleen,Jerson,cjersonik@vimeo.com,Agender,253.229.75.210
670,Sydney,McInulty,smcinultyil@pinterest.com,Male,51.209.28.173
671,Kippie,Meineking,kmeinekingim@edublogs.org,Female,248.195.67.175
672,Claudelle,Newark,cnewarkin@dedecms.com,Female,253.2.132.93
673,Bill,Brafield,bbrafieldio@tamu.edu,Male,6.211.50.144
674,Jillie,Brame,jbrameip@unesco.org,Agender,162.15.100.45
675,Paige,Roxburch,proxburchiq@japanpost.jp,Male,223.216.6.157
676,Hazel,Ducket,hducketir@hexun.com,Male,13.194.241.58
677,Giusto,MacTeggart,gmacteggartis@wikispaces.com,Male,224.211.220.23
678,Shea,Marriott,smarriottit@quantcast.com,Male,125.76.5.42
679,Prissie,Beeres,pbeeresiu@biblegateway.com,Female,213.0.138.103
680,Stephanus,Blann,sblanniv@uol.com.br,Agender,190.159.106.143
681,Irving,Kalkhoven,ikalkhoveniw@dropbox.com,Male,96.153.53.220
682,Hershel,Nizard,hnizardix@squarespace.com,Male,141.209.74.71
683,Florri,Flounders,ffloundersiy@usa.gov,Female,6.21.96.78
684,Verena,Day,vdayiz@businessinsider.com,Female,91.224.16.62
685,Codie,Kennea,ckenneaj0@examiner.com,Male,60.108.147.118
686,Mikey,Glazzard,mglazzardj1@t.co,Male,168.26.198.55
687,Mona,Abramson,mabramsonj2@hugedomains.com,Female,179.224.164.246
688,Paddy,Marven,pmarvenj3@live.com,Male,120.99.79.250
689,Corny,Bolley,cbolleyj4@purevolume.com,Male,182.125.251.29
690,Waiter,Durdan,wdurdanj5@fotki.com,Male,58.74.11.252
691,Herby,Filpo,hfilpoj6@foxnews.com,Male,121.101.216.196
692,Brianne,Blakden,bblakdenj7@utexas.edu,Female,227.89.238.143
693,Stirling,Malam,smalamj8@jiathis.com,Male,10.51.7.215
694,Costanza,Sybbe,csybbej9@topsy.com,Female,82.119.13.228
695,Patin,O'Sheerin,posheerinja@bluehost.com,Male,12.109.157.58
696,Annabella,Hadwin,ahadwinjb@mediafire.com,Female,97.100.26.255
697,Gabi,Nelle,gnellejc@ucla.edu,Female,54.214.176.107
698,Sammy,Abbs,sabbsjd@kickstarter.com,Female,110.72.176.170
699,Deeanne,Glastonbury,dglastonburyje@example.com,Female,113.109.9.198
700,Perla,Lambie,plambiejf@liveinternet.ru,Female,223.22.50.72
701,Jamesy,Parcell,jparcelljg@house.gov,Male,69.14.103.158
702,Mateo,Jeary,mjearyjh@chronoengine.com,Male,241.255.246.229
703,Jdavie,Moth,jmothji@google.ca,Male,177.45.240.145
704,Jane,Ollie,jolliejj@nbcnews.com,Female,20.212.216.184
705,Myrna,Billyard,mbillyardjk@blogspot.com,Female,245.142.130.8
706,Kalle,Scrowby,kscrowbyjl@imdb.com,Male,34.235.236.199
707,Marina,Fullick,mfullickjm@163.com,Female,186.109.205.239
708,Tadio,Persence,tpersencejn@domainmarket.com,Male,209.137.214.207
709,Merle,Wilstead,mwilsteadjo@usatoday.com,Male,202.110.156.60
710,Ferdinande,Carlone,fcarlonejp@google.co.jp,Female,219.204.70.79
711,Colly,Finder,cfinderjq@topsy.com,Female,111.188.162.46
712,Gaby,Tooker,gtookerjr@1und1.de,Genderqueer,29.146.18.41
713,Glenda,Witts,gwittsjs@tripod.com,Female,41.88.92.161
714,Marrissa,Gelardi,mgelardijt@wordpress.org,Female,74.189.127.178
715,Mahala,Swadon,mswadonju@nhs.uk,Female,4.7.27.163
716,Halimeda,Loughan,hloughanjv@discuz.net,Female,46.179.207.62
717,Clari,Gettins,cgettinsjw@nba.com,Female,51.121.7.63
718,Eddi,Topping,etoppingjx@state.tx.us,Female,142.15.76.10
719,Marshal,Kairns,mkairnsjy@google.co.jp,Male,222.90.89.255
720,Elsa,Pichmann,epichmannjz@quantcast.com,Female,33.38.196.130
721,Donal,Novacek,dnovacekk0@usa.gov,Male,89.72.93.230
722,Holly,Snedker,hsnedkerk1@army.mil,Female,73.72.123.121
723,Ninetta,Menco,nmencok2@msu.edu,Female,41.103.29.169
724,Clarabelle,Firsby,cfirsbyk3@sogou.com,Female,7.6.19.160
725,Athene,Flipek,aflipekk4@macromedia.com,Non-binary,149.11.90.245
726,Riordan,Bridson,rbridsonk5@plala.or.jp,Male,130.233.40.113
727,Valentina,Stood,vstoodk6@odnoklassniki.ru,Female,242.200.219.50
728,Maxie,Izaac,mizaack7@icq.com,Male,193.171.157.63
729,Raviv,Yeeles,ryeelesk8@hibu.com,Bigender,175.210.213.52
730,Torin,Filippyev,tfilippyevk9@sourceforge.net,Male,183.109.11.87
731,Alasteir,Chazotte,achazotteka@live.com,Male,76.101.194.231
732,Nathan,Sturdey,nsturdeykb@fc2.com,Male,173.240.167.233
733,Elsy,Westell,ewestellkc@purevolume.com,Female,227.81.131.103
734,Frederick,Hannond,fhannondkd@nsw.gov.au,Male,185.0.113.113
735,Carey,Lyman,clymanke@telegraph.co.uk,Male,230.20.156.44
736,Roldan,Edwardson,redwardsonkf@redcross.org,Male,133.251.229.191
737,Correy,Boulder,cboulderkg@usa.gov,Male,134.14.215.171
738,Andrea,Wager,awagerkh@mayoclinic.com,Female,133.141.227.206
739,Gorden,Bourdis,gbourdiski@taobao.com,Male,60.104.214.70
740,Wilona,Softley,wsoftleykj@usnews.com,Genderqueer,183.15.220.19
741,Maurine,Marston,mmarstonkk@yellowbook.com,Female,137.255.201.254
742,Gilbertina,Hassewell,ghassewellkl@newsvine.com,Female,172.147.27.232
743,Celestyna,McCuis,cmccuiskm@bluehost.com,Polygender,95.249.222.185
744,Beverlee,Calway,bcalwaykn@addtoany.com,Female,61.160.98.216
745,Martie,Roath,mroathko@samsung.com,Female,169.141.137.69
746,Lock,Grube,lgrubekp@hud.gov,Male,20.170.251.50
747,Yankee,Pawlik,ypawlikkq@tinyurl.com,Male,65.71.84.153
748,Ruddy,Manford,rmanfordkr@jigsy.com,Male,1.226.68.57
749,Leoine,Jewel,ljewelks@blinklist.com,Female,44.198.111.118
750,Sylvia,Longfoot,slongfootkt@cpanel.net,Genderfluid,127.26.145.174
751,Maude,Battersby,mbattersbyku@xrea.com,Female,111.130.192.60
752,Rurik,Juarez,rjuarezkv@comsenz.com,Genderfluid,151.243.74.109
753,Daisi,Beament,dbeamentkw@imageshack.us,Female,225.149.230.214
754,Tadio,Jell,tjellkx@shareasale.com,Male,62.234.138.44
755,Findlay,Abdey,fabdeyky@delicious.com,Male,187.198.160.124
756,Arte,Keniwell,akeniwellkz@vimeo.com,Non-binary,18.192.236.140
757,Iona,Ronisch,ironischl0@multiply.com,Genderfluid,152.180.157.43
758,Garald,Klauber,gklauberl1@geocities.jp,Male,123.80.101.160
759,Katha,Whatley,kwhatleyl2@zimbio.com,Female,50.69.122.241
760,Hayley,Sturmey,hsturmeyl3@ucla.edu,Female,124.116.41.99
761,Jameson,Geater,jgeaterl4@dropbox.com,Non-binary,167.67.194.55
762,Sayres,Adamiak,sadamiakl5@ifeng.com,Male,10.51.108.101
763,Powell,Heathwood,pheathwoodl6@freewebs.com,Male,147.113.114.152
764,Frederic,Lill,flilll7@biglobe.ne.jp,Male,82.184.79.217
765,Benetta,Layborn,blaybornl8@dion.ne.jp,Female,102.10.180.36
766,Brockie,Nickols,bnickolsl9@wunderground.com,Male,203.199.38.181
767,Adel,MacTurlough,amacturloughla@accuweather.com,Female,97.171.86.193
768,Vasili,Trengrove,vtrengrovelb@phpbb.com,Male,176.24.226.251
769,Michael,Ech,mechlc@hubpages.com,Male,75.18.10.135
770,Flory,Braithwait,fbraithwaitld@patch.com,Male,234.92.63.7
771,Stillmann,Reekie,sreekiele@jimdo.com,Male,65.56.237.57
772,Fanni,Molineux,fmolineuxlf@flickr.com,Female,245.27.245.14
773,Shawn,Bedells,sbedellslg@webmd.com,Male,129.137.151.236
774,Gardiner,Proback,gprobacklh@scientificamerican.com,Male,221.192.54.59
775,Ingaborg,Prydie,iprydieli@dell.com,Female,224.52.94.124
776,Norina,Hartles,nhartleslj@networksolutions.com,Genderqueer,181.48.114.125
777,Talya,Steven,tstevenlk@europa.eu,Female,110.184.86.167
778,Rodolph,Fidal,rfidalll@unesco.org,Bigender,107.103.216.238
779,Lucas,Eckery,leckerylm@lycos.com,Male,20.245.241.20
780,Blaine,Fihelly,bfihellyln@domainmarket.com,Male,95.111.143.152
781,Nickolai,Chastel,nchastello@shareasale.com,Male,70.151.168.39
782,Hube,Beasant,hbeasantlp@scribd.com,Male,85.111.206.76
783,Angelica,Playden,aplaydenlq@dot.gov,Agender,29.175.178.111
784,Jakob,Grieg,jgrieglr@ifeng.com,Male,86.243.98.230
785,Merwyn,Capin,mcapinls@amazon.co.jp,Male,148.86.184.126
786,Bertrand,Andreassen,bandreassenlt@businessweek.com,Male,100.230.30.242
787,Caryl,Nussii,cnussiilu@answers.com,Female,225.190.175.7
788,Mickie,Leagas,mleagaslv@reuters.com,Female,47.102.129.52
789,Samaria,Dods,sdodslw@state.tx.us,Female,18.75.110.188
790,Dane,O' Ronan,doronanlx@cocolog-nifty.com,Male,62.132.67.216
791,Travers,Gheorghescu,tgheorghesculy@phpbb.com,Male,124.202.161.241
792,Faun,Bodycote,fbodycotelz@indiegogo.com,Polygender,210.214.102.22
793,Justis,Possell,jpossellm0@chronoengine.com,Male,54.182.182.57
794,Gael,Bartleman,gbartlemanm1@mit.edu,Male,26.196.93.23
795,Rori,Farraway,rfarrawaym2@mashable.com,Female,184.45.40.99
796,Baillie,Craigmile,bcraigmilem3@hexun.com,Male,96.240.160.213
797,Clemence,Pryce,cprycem4@networksolutions.com,Female,19.246.52.224
798,Kitti,Grayley,kgrayleym5@google.nl,Agender,118.104.81.11
799,Cornie,Beeres,cbeeresm6@infoseek.co.jp,Male,141.133.137.105
800,Rochella,Bushrod,rbushrodm7@bbc.co.uk,Female,162.80.195.167
801,Cornie,Bent,cbentm8@dropbox.com,Male,96.57.81.6
802,Elysee,Maypowder,emaypowderm9@symantec.com,Female,205.190.120.217
803,Urban,Wedon,uwedonma@tamu.edu,Male,204.121.44.32
804,Portia,Drayn,pdraynmb@smugmug.com,Female,173.248.90.211
805,Courtenay,Slyde,cslydemc@whitehouse.gov,Female,250.142.212.29
806,Cristal,Tarling,ctarlingmd@ted.com,Female,175.86.3.14
807,Donn,Heape,dheapeme@microsoft.com,Male,224.98.95.155
808,Nevins,Janodet,njanodetmf@nasa.gov,Male,57.138.213.47
809,Debbie,MacCague,dmaccaguemg@marketwatch.com,Female,176.113.145.225
810,Guenna,Tregona,gtregonamh@who.int,Female,43.57.19.61
811,Cozmo,Lampitt,clampittmi@jigsy.com,Male,83.129.90.16
812,Sylvia,Lauritsen,slauritsenmj@aboutads.info,Female,210.210.8.224
813,Pepe,Reboul,preboulmk@theatlantic.com,Male,244.188.193.171
814,Elane,Jenks,ejenksml@infoseek.co.jp,Female,18.10.223.62
815,Flin,Hake,fhakemm@hp.com,Male,133.233.72.102
816,Meredith,Tilbrook,mtilbrookmn@cnet.com,Female,247.46.168.101
817,Rosanne,Quixley,rquixleymo@webs.com,Female,91.73.244.106
818,Sib,Berge,sbergemp@flavors.me,Bigender,39.67.41.52
819,Laure,Forlonge,lforlongemq@bigcartel.com,Female,60.121.187.22
820,Tallulah,Learmonth,tlearmonthmr@sogou.com,Female,169.240.150.154
821,Timmi,Gerckens,tgerckensms@icio.us,Female,138.202.198.226
822,Gennifer,Agar,gagarmt@ftc.gov,Female,1.69.189.125
823,Kerk,Margiotta,kmargiottamu@youku.com,Male,20.63.88.70
824,Warner,Seeler,wseelermv@youku.com,Male,97.231.227.185
825,Kennie,Mistry,kmistrymw@ebay.com,Agender,168.145.139.32
826,Kerwinn,Whaplington,kwhaplingtonmx@google.com,Male,72.112.28.205
827,Rustie,Caudray,rcaudraymy@mac.com,Male,129.169.167.217
828,Brendis,Loblie,blobliemz@japanpost.jp,Male,195.225.191.227
829,Cristine,Avo,cavon0@technorati.com,Female,127.137.200.197
830,Freddi,Biggerdike,fbiggerdiken1@free.fr,Female,36.203.38.241
831,Magdaia,Ensley,mensleyn2@aboutads.info,Female,121.32.6.205
832,Cordey,Longthorne,clongthornen3@dyndns.org,Female,214.152.118.116
833,Micah,Berthomier,mberthomiern4@indiegogo.com,Male,168.249.182.223
834,Maureene,Nani,mnanin5@devhub.com,Female,250.164.170.219
835,Corty,Lawson,clawsonn6@feedburner.com,Genderqueer,93.229.83.49
836,Federico,Jopson,fjopsonn7@histats.com,Male,245.33.29.88
837,Filberte,Morston,fmorstonn8@mozilla.com,Male,116.24.45.51
838,Kyle,Gammel,kgammeln9@ifeng.com,Male,198.195.244.133
839,Kata,Divell,kdivellna@nhs.uk,Female,104.240.83.230
840,Jordan,Lucy,jlucynb@wunderground.com,Male,120.153.223.35
841,Rad,Guihen,rguihennc@alibaba.com,Male,55.97.152.98
842,Nollie,Lisciandri,nlisciandrind@github.com,Male,252.201.31.64
843,Taffy,Roller,trollerne@imgur.com,Female,166.82.217.217
844,Alford,Roggerone,aroggeronenf@ucoz.com,Male,246.106.70.92
845,Ashton,Kupker,akupkerng@wikipedia.org,Non-binary,136.159.57.55
846,Lorna,Phelip,lphelipnh@usgs.gov,Female,21.138.157.243
847,Hobard,Spira,hspirani@redcross.org,Male,23.167.199.137
848,Tracey,Corinton,tcorintonnj@netvibes.com,Male,114.203.202.23
849,Alicea,Giacobelli,agiacobellink@constantcontact.com,Polygender,58.244.39.174
850,Luciano,Davidoff,ldavidoffnl@toplist.cz,Male,143.147.30.62
851,Nissy,Tease,nteasenm@bloomberg.com,Female,39.156.10.175
852,Elliott,Tummond,etummondnn@i2i.jp,Male,77.77.121.197
853,Lisabeth,Guerin,lguerinno@xinhuanet.com,Agender,212.158.87.53
854,Dickie,Shepheard,dshepheardnp@sitemeter.com,Male,221.183.48.188
855,Gunilla,Jerram,gjerramnq@who.int,Female,188.73.241.139
856,Daphne,Bonin,dboninnr@mozilla.org,Genderqueer,123.243.8.148
857,Aymer,Slot,aslotns@bbc.co.uk,Male,101.132.78.203
858,Mamie,Pashenkov,mpashenkovnt@nifty.com,Female,191.249.90.59
859,Vivi,Wallege,vwallegenu@weebly.com,Female,250.224.21.160
860,Mar,Joanaud,mjoanaudnv@webeden.co.uk,Agender,93.209.68.182
861,Ives,Cunniam,icunniamnw@blogspot.com,Male,192.34.237.2
862,Gianni,Beckhouse,gbeckhousenx@t.co,Male,12.150.120.101
863,Caro,Berrecloth,cberreclothny@barnesandnoble.com,Female,170.132.93.195
864,Marcos,Cottey,mcotteynz@nbcnews.com,Male,170.142.116.222
865,Zulema,Dallyn,zdallyno0@prnewswire.com,Female,193.83.116.93
866,Harold,Filby,hfilbyo1@amazon.co.uk,Male,234.11.70.212
867,Gottfried,Mont,gmonto2@studiopress.com,Male,108.230.226.193
868,Rosalyn,Sket,rsketo3@github.com,Female,156.94.51.194
869,Aristotle,Hullin,ahullino4@delicious.com,Male,167.204.138.106
870,Garv,Cullabine,gcullabineo5@wikispaces.com,Bigender,215.171.131.200
871,Mariya,Schwandermann,mschwandermanno6@boston.com,Female,200.49.4.232
872,Alick,Hundy,ahundyo7@apache.org,Male,58.148.193.96
873,Fran,Attewell,fattewello8@imgur.com,Male,179.149.213.214
874,Clotilda,Biddlestone,cbiddlestoneo9@hp.com,Female,79.23.207.92
875,Washington,Lorrimer,wlorrimeroa@nbcnews.com,Male,21.27.62.103
876,Yorgo,Stiles,ystilesob@samsung.com,Male,58.59.157.8
877,Napoleon,Midgely,nmidgelyoc@dailymail.co.uk,Male,36.156.154.25
878,Helsa,Mertgen,hmertgenod@google.co.jp,Female,240.10.255.207
879,Jeremie,Klessmann,jklessmannoe@github.io,Male,180.48.222.236
880,Cleve,Eton,cetonof@theglobeandmail.com,Male,30.234.95.244
881,Danielle,Caslett,dcaslettog@comcast.net,Female,52.70.235.46
882,Simone,Haggarty,shaggartyoh@chron.com,Female,215.157.214.159
883,Thain,Warters,twartersoi@sohu.com,Male,54.229.45.100
884,Janith,Taffrey,jtaffreyoj@japanpost.jp,Female,0.75.48.160
885,Molli,Shivell,mshivellok@wordpress.org,Female,240.114.219.112
886,Farrah,Boeter,fboeterol@va.gov,Female,4.24.122.141
887,Sula,Maneylaws,smaneylawsom@irs.gov,Bigender,93.43.7.34
888,Mathias,Klugman,mklugmanon@china.com.cn,Male,5.96.45.217
889,Isabelle,Vanelli,ivanellioo@privacy.gov.au,Female,88.142.11.185
890,Brandice,Teliga,bteligaop@gmpg.org,Female,180.79.26.144
891,Tirrell,Dannell,tdannelloq@epa.gov,Male,110.60.69.195
892,Kearney,Camell,kcamellor@oracle.com,Male,132.219.47.153
893,Rudolph,Dawkes,rdawkesos@furl.net,Male,158.8.185.101
894,Aeriela,Hamilton,ahamiltonot@google.com.au,Female,116.7.90.176
895,Nerti,Speares,nspearesou@thetimes.co.uk,Non-binary,255.30.0.103
896,Sylvia,MacAdam,smacadamov@multiply.com,Female,186.255.98.176
897,Lulita,Munning,lmunningow@tamu.edu,Female,2.181.110.58
898,Dalenna,Orgee,dorgeeox@shutterfly.com,Female,170.234.81.250
899,Lamond,Surmeyer,lsurmeyeroy@networksolutions.com,Male,231.231.69.67
900,Gerrie,Lambarton,glambartonoz@guardian.co.uk,Female,66.18.7.201
901,Pooh,Sauvage,psauvagep0@alexa.com,Male,249.119.179.163
902,Griffy,Yearnsley,gyearnsleyp1@amazon.de,Male,243.174.11.167
903,Giavani,Mohammad,gmohammadp2@aboutads.info,Male,243.29.124.192
904,Trevor,Morfell,tmorfellp3@hao123.com,Male,255.125.143.194
905,Tamas,Bellam,tbellamp4@so-net.ne.jp,Male,52.113.28.49
906,Kerstin,Lyddiard,klyddiardp5@rakuten.co.jp,Female,120.106.105.41
907,Merrili,McAsgill,mmcasgillp6@gmpg.org,Female,169.205.155.149
908,Roana,Dikles,rdiklesp7@rediff.com,Female,218.207.157.159
909,Neille,Stroban,nstrobanp8@uiuc.edu,Female,206.245.44.223
910,Bartel,Neasam,bneasamp9@shareasale.com,Male,53.92.154.250
911,Enid,Wewell,ewewellpa@purevolume.com,Agender,184.137.17.78
912,Monica,Shearn,mshearnpb@ca.gov,Female,83.227.54.123
913,Isabeau,Awcock,iawcockpc@twitpic.com,Female,148.65.137.11
914,Casper,Mc Faul,cmcfaulpd@xinhuanet.com,Male,157.235.153.166
915,Worden,McIntosh,wmcintoshpe@squidoo.com,Male,52.246.90.26
916,Filmore,Sinnock,fsinnockpf@posterous.com,Male,3.190.44.138
917,Kristine,Faussett,kfaussettpg@yellowpages.com,Female,200.86.187.135
918,Dunn,Mixhel,dmixhelph@newsvine.com,Male,90.151.93.184
919,Marielle,Boards,mboardspi@army.mil,Female,224.213.87.91
920,Richmond,Strangeways,rstrangewayspj@imdb.com,Male,87.77.190.176
921,Saunderson,Charrett,scharrettpk@abc.net.au,Male,73.59.204.84
922,Fanni,Kleinschmidt,fkleinschmidtpl@buzzfeed.com,Female,133.83.240.117
923,Barnebas,Gallaher,bgallaherpm@amazon.com,Male,97.108.160.98
924,Stacee,Mingaud,smingaudpn@xinhuanet.com,Male,246.126.54.149
925,Rickard,Reasce,rreascepo@ted.com,Male,13.173.107.33
926,Bethena,Wix,bwixpp@photobucket.com,Female,24.102.116.185
927,Yvon,Clampe,yclampepq@hatena.ne.jp,Male,37.195.163.219
928,Carl,Gagg,cgaggpr@ifeng.com,Genderfluid,212.98.142.18
929,Dulcinea,Luchelli,dluchellips@vkontakte.ru,Female,154.171.196.192
930,Candide,Pfertner,cpfertnerpt@squidoo.com,Female,48.34.1.101
931,Orran,Blaber,oblaberpu@shop-pro.jp,Male,137.19.158.37
932,Kevon,Rawlin,krawlinpv@google.ca,Male,98.234.131.1
933,Averil,Goslin,agoslinpw@toplist.cz,Male,139.158.254.201
934,Gussi,Janman,gjanmanpx@booking.com,Genderfluid,48.226.181.112
935,Darlene,Rutland,drutlandpy@linkedin.com,Female,52.61.235.220
936,Adan,McCrohon,amccrohonpz@answers.com,Bigender,187.212.139.8
937,Samantha,Keyho,skeyhoq0@nasa.gov,Female,197.121.43.49
938,Brand,Januszkiewicz,bjanuszkiewiczq1@dedecms.com,Male,184.124.80.131
939,Kristal,Sharkey,ksharkeyq2@rakuten.co.jp,Female,186.243.64.215
940,Frasco,Grinyakin,fgrinyakinq3@sciencedaily.com,Male,83.66.222.63
941,Kania,Cheevers,kcheeversq4@posterous.com,Female,72.221.81.130
942,Rolfe,Southway,rsouthwayq5@google.com.br,Male,31.130.53.145
943,Vania,Petrescu,vpetrescuq6@prweb.com,Female,62.98.220.129
944,Brodie,Goldstone,bgoldstoneq7@addtoany.com,Male,33.85.11.236
945,Gladys,Payne,gpayneq8@springer.com,Female,137.154.160.7
946,Mercy,Kail,mkailq9@aboutads.info,Female,71.205.189.164
947,Dame,Gelland,dgellandqa@nsw.gov.au,Male,135.120.86.187
948,Udell,Yateman,uyatemanqb@npr.org,Male,204.229.191.27
949,Ardra,Rakestraw,arakestrawqc@geocities.jp,Polygender,14.81.78.60
950,Roseann,Goulbourn,rgoulbournqd@merriam-webster.com,Female,21.134.143.86
951,Laurena,Redsull,lredsullqe@slashdot.org,Genderfluid,138.200.220.209
952,Dorotea,Fentem,dfentemqf@myspace.com,Female,110.28.209.126
953,Egan,O'Glassane,eoglassaneqg@patch.com,Male,193.166.88.202
954,Tull,Somerton,tsomertonqh@nydailynews.com,Male,22.163.164.255
955,Dall,Clinnick,dclinnickqi@yellowpages.com,Agender,12.102.189.97
956,Bennie,Moulder,bmoulderqj@studiopress.com,Genderfluid,181.61.178.41
957,Ansel,Bescoby,abescobyqk@statcounter.com,Male,69.116.124.178
958,Franz,Samways,fsamwaysql@msn.com,Male,255.32.66.101
959,Nathanael,Steanson,nsteansonqm@bloglines.com,Male,181.154.30.195
960,Allister,Server,aserverqn@netvibes.com,Male,78.86.72.116
961,Giff,Redholls,gredhollsqo@plala.or.jp,Male,124.25.74.42
962,Karole,Waryk,kwarykqp@joomla.org,Female,145.57.140.134
963,Woodie,Pyatt,wpyattqq@dagondesign.com,Male,161.234.89.246
964,Rudd,De Mitri,rdemitriqr@jigsy.com,Polygender,255.57.246.44
965,Camila,Paradin,cparadinqs@is.gd,Female,29.156.36.242
966,Dimitri,Henrys,dhenrysqt@de.vu,Male,19.83.172.149
967,Archer,Chardin,achardinqu@va.gov,Male,29.174.223.192
968,Dalia,Meni,dmeniqv@360.cn,Female,65.79.44.171
969,Boote,Ensley,bensleyqw@dion.ne.jp,Male,183.34.120.183
970,Lynn,Matusevich,lmatusevichqx@shutterfly.com,Female,165.88.74.125
971,Darcee,Popplewell,dpopplewellqy@cam.ac.uk,Female,26.44.213.78
972,Freddie,Jone,fjoneqz@blogspot.com,Male,127.198.193.136
973,Josy,Loosely,jlooselyr0@nifty.com,Female,93.17.168.147
974,Drusy,Farfolomeev,dfarfolomeevr1@mtv.com,Female,204.128.95.159
975,Aurelia,Pitone,apitoner2@dell.com,Female,162.72.109.177
976,Papagena,Whitwam,pwhitwamr3@wunderground.com,Female,149.52.245.140
977,Virgie,Boxer,vboxerr4@mapy.cz,Male,137.164.254.183
978,Taffy,Fitzpayn,tfitzpaynr5@chron.com,Female,0.222.35.31
979,Spense,Halford,shalfordr6@unicef.org,Male,252.133.245.181
980,See,Crosston,scrosstonr7@webnode.com,Male,84.133.70.30
981,Izaak,Rising,irisingr8@prweb.com,Male,187.114.183.125
982,Lek,Rootham,lroothamr9@mozilla.org,Male,126.64.140.96
983,Burch,Haddrell,bhaddrellra@shinystat.com,Male,244.64.202.65
984,Ruddie,Farnfield,rfarnfieldrb@vimeo.com,Male,207.179.73.21
985,Tamqrah,Caldwall,tcaldwallrc@so-net.ne.jp,Female,40.216.164.91
986,Jordan,Mugridge,jmugridgerd@hao123.com,Male,18.84.75.50
987,Katya,Amiss,kamissre@storify.com,Female,82.54.151.20
988,Josy,MacCoveney,jmaccoveneyrf@microsoft.com,Female,52.37.178.101
989,Babbie,Blackeby,bblackebyrg@livejournal.com,Genderqueer,82.53.27.102
990,Lindsay,De Fries,ldefriesrh@weebly.com,Male,161.195.136.47
991,Georgiana,Jendricke,gjendrickeri@craigslist.org,Female,241.140.18.132
992,Dena,Twelves,dtwelvesrj@chron.com,Female,182.82.148.8
993,Tam,Poltun,tpoltunrk@intel.com,Polygender,140.40.211.25
994,Vale,Mateev,vmateevrl@toplist.cz,Female,180.38.185.121
995,Jany,O'Clery,jocleryrm@slideshare.net,Agender,132.51.120.23
996,Urson,Amey,uameyrn@sfgate.com,Male,172.80.113.236
997,Eilis,Meaking,emeakingro@123-reg.co.uk,Female,154.19.202.62
998,Karee,Yurikov,kyurikovrp@google.it,Female,145.159.157.108
999,Jeramey,Jopling,jjoplingrq@feedburner.com,Male,222.57.7.239
1000,Claresta,Simonnet,csimonnetrr@amazon.co.jp,Female,8.240.217.156
